Count	Pattern
127765	_the_CW_of
118101	_of_the_CW
105492	_CW_of_the
81460	_in_the_CW
80774	_CW_of_the_CW
75314	_CW_in_the
60978	_CW_in_the_CW
60915	_of_the_CW_CW
56882	_a_CW_of
54163	_the_CW_of_CW
50579	_the_CW_and
46548	_and_the_CW
44357	_CW_and_the
43938	_the_CW_is
42606	_CW_the_CW_of
42181	_to_the_CW
41786	_is_a_CW
40907	_the_CW_of_the
40587	_CW_to_the
40475	_the_CW_CW_of
40437	_CW_of_the_CW_CW
39786	_a_CW_of_CW
38636	_CW_and_the_CW
37709	_CW_CW_in_the
37640	_CW_CW_of_the
35902	_CW_to_the_CW
34741	_CW_to_be
34611	_in_the_CW_CW
31980	_on_the_CW
30942	_to_CW_the
30527	_CW_CW_in_the_CW
29636	_in_a_CW
29480	_the_CW_of_the_CW
29443	_the_CW_and_CW
29203	_CW_CW_of_the_CW
28923	_the_CW_of_CW_CW
28178	_with_the_CW
27613	_of_a_CW
27235	_to_be_CW
27156	_CW_on_the
27041	_to_CW_the_CW
26921	_CW_in_a
26292	_of_the_CW_CW_CW
26034	_for_the_CW
25998	_CW_in_the_CW_CW
25757	_CW_of_a
25403	_the_CW_is_CW
25082	_the_CW_CW_and
25061	_CW_this_movie
25053	_as_a_CW
24828	_CW_on_the_CW
24545	_CW_with_the
24272	_CW_to_CW_the
24134	_is_a_CW_CW
23641	_and_the_CW_CW
23355	_at_the_CW
23185	_CW_for_the
23069	_CW_in_a_CW
22667	_CW_is_a
22430	_CW_of_a_CW
22213	_with_a_CW
21975	_CW_with_the_CW
21928	_a_CW_CW_of
21712	_CW_CW_and_the
21641	_the_CW_that
21632	_is_the_CW
21354	_from_the_CW
21337	_CW_to_CW_the_CW
21276	_the_film_CW
20719	_a_CW_of_CW_CW
20211	_of_CW_and
20129	_CW_a_CW_of
20099	_CW_from_the
20099	_CW_at_the
19895	_as_the_CW
19855	_CW_and_the_CW_CW
19801	_CW_to_be_CW
19617	_CW_CW_to_the
19391	_CW_for_the_CW
19121	_a_CW_and
19025	_CW_CW_the_CW_of
18987	_CW_CW_and_the_CW
18945	_CW_is_a_CW
18549	_CW_of_CW_and
18497	_the_CW_in
18401	_to_the_CW_CW
18263	_the_CW_CW_of_CW
18248	_CW_as_a
18198	_CW_in_this
18079	_CW_the_CW_of_CW
17875	_CW_with_a
17864	_in_a_CW_CW
17752	_CW_of_the_CW_CW_CW
17720	_the_CW_CW_the
17676	_CW_from_the_CW
17647	_CW_at_the_CW
17545	_CW_the_CW_and
17519	_CW_as_the
17374	_CW_CW_to_the_CW
17179	_it_is_CW
17160	_CW_the_film
17150	_CW_as_a_CW
17006	_the_CW_to
16987	_a_CW_CW_and
16892	_of_a_CW_CW
16615	_if_you_CW
16614	_CW_with_a_CW
16515	_the_CW_CW_is
16411	_CW_this_film
16278	_the_movie_CW
16209	_i_CW_it
16130	_by_the_CW
16109	_the_CW_was
15953	_that_the_CW
15885	_is_CW_to
15799	_CW_to_the_CW_CW
15741	_CW_by_the
15650	_CW_to_see
15603	_it_was_CW
15336	_CW_as_the_CW
15283	_and_a_CW
15282	_the_CW_CW_the_CW
15217	_and_CW_the
15213	_CW_CW_of_the_CW_CW
15054	_CW_that_the
15038	_CW_and_a
15033	_for_a_CW
15029	_i_CW_the
14923	_was_a_CW
14840	_CW_the_movie
14712	_CW_CW_CW_in_the
14608	_and_i_CW
14579	_i_was_CW
14482	_to_CW_a
14400	_one_of_the_CW
14306	_CW_and_i
14261	_with_the_CW_CW
14225	_CW_of_this
14198	_this_movie_CW
14162	_CW_in_a_CW_CW
14144	_the_CW_CW_and_CW
14133	_the_CW_of_the_CW_CW
14028	_CW_of_a_CW_CW
13970	_i_CW_this
13938	_CW_a_CW_of_CW
13895	_the_CW_CW_in
13894	_CW_out_of
13737	_a_CW_CW_of_CW
13726	_CW_by_the_CW
13675	_CW_and_a_CW
13647	_of_CW_and_CW
13558	_CW_the_CW_CW_of
13541	_CW_CW_in_a
13441	_the_CW_CW_to
13402	_CW_is_the
13392	_with_a_CW_CW
13356	_the_CW_the
13329	_on_the_CW_CW
13326	_CW_the_CW_of_the
13220	_CW_for_a
13103	_the_most_CW
13021	_the_CW_of_CW_CW_CW
12993	_it_CW_a
12898	_CW_CW_in_the_CW_CW
12884	_as_a_CW_CW
12862	_CW_CW_on_the
12855	_and_CW_the_CW
12808	_the_CW_are
12808	_the_CW_CW_of_the
12802	_the_CW_and_CW_CW
12793	_in_the_CW_CW_CW
12785	_CW_it_is
12705	_CW_and_CW_the
12681	_as_the_CW_CW
12620	_to_CW_a_CW
12602	_CW_of_CW_and_CW
12446	_CW_CW_to_be
12434	_and_CW_to
12405	_is_CW_and
12401	_CW_the_CW_is
12401	_CW_it_was
12366	_all_the_CW
12284	_CW_CW_CW_in_the_CW
12169	_the_CW_CW_CW_and
12083	_CW_CW_is_a
12033	_a_CW_to
11885	_on_a_CW
11849	_CW_this_is
11819	_CW_that_the_CW
11766	_CW_CW_on_the_CW
11702	_CW_CW_in_a_CW
11637	_CW_is_a_CW_CW
11624	_to_CW_it
11365	_CW_to_CW_a
11330	_for_the_CW_CW
11321	_of_his_CW
11273	_i_CW_the_CW
11268	_CW_CW_CW_of_the
11246	_CW_with_the_CW_CW
11239	_to_CW_the_CW_CW
11185	_of_CW_CW_and
11170	_a_CW_and_CW
11169	_in_the_CW_of
11129	_of_the_CW_CW_CW_CW
11076	_the_CW_the_CW
11068	_the_first_CW
11027	_CW_for_a_CW
10981	_but_the_CW
10938	_CW_is_the_CW
10921	_i_have_CW
10859	_CW_and_CW_to
10829	_CW_CW_with_the
10730	_this_film_CW
10724	_CW_and_CW_the_CW
10649	_CW_CW_for_the
10645	_the_CW_to_CW
10639	_CW_CW_and_the_CW_CW
10621	_CW_CW_from_the
10561	_to_a_CW
10542	_a_good_CW
10497	_CW_CW_to_CW_the
10457	_it_CW_a_CW
10400	_CW_on_the_CW_CW
10354	_is_the_CW_CW
10325	_i_can_CW
10318	_CW_the_CW_and_CW
10290	_CW_but_it
10269	_CW_of_CW_CW_and
10268	_to_CW_and
10256	_and_the_CW_CW_CW
10229	_and_CW_and
10195	_was_CW_to
10167	_CW_one_of
10150	_have_been_CW
10142	_CW_to_make
10134	_CW_with_a_CW_CW
10059	_a_CW_CW_in
10034	_the_CW_CW_of_CW_CW
10025	_CW_and_i_CW
10019	_CW_CW_is_a_CW
10008	_CW_and_it
9990	_from_the_CW_CW
9979	_CW_on_a
9926	_CW_to_CW_a_CW
9910	_about_the_CW
9899	_CW_as_the_CW_CW
9867	_in_this_CW
9762	_the_only_CW
9733	_CW_to_a
9729	_CW_and_CW_and
9713	_but_i_CW
9710	_a_CW_in
9706	_the_film_CW_CW
9694	_CW_in_the_CW_CW_CW
9690	_CW_the_CW_of_the_CW
9685	_CW_CW_with_the_CW
9678	_this_is_CW
9665	_as_CW_as
9658	_be_a_CW
9640	_CW_the_CW_of_CW_CW
9639	_and_CW_of
9619	_CW_CW_at_the
9578	_a_CW_CW_to
9524	_the_CW_was_CW
9486	_CW_CW_CW_of_the_CW
9477	_CW_CW_as_the
9429	_the_same_CW
9407	_CW_to_watch
9386	_CW_on_a_CW
9376	_CW_CW_from_the_CW
9366	_one_of_the_CW_CW
9316	_CW_CW_to_CW_the_CW
9308	_CW_CW_as_a
9274	_a_very_CW
9252	_CW_as_a_CW_CW
9246	_the_CW_CW_CW_the
9236	_CW_of_the_film
9219	_is_CW_to_CW
9137	_the_CW_is_CW_CW
9077	_the_CW_of_a
9060	_CW_CW_CW_and_the
9044	_and_a_CW_CW
9019	_a_great_CW
9014	_a_CW_of_CW_CW_CW
9007	_CW_that_i
9002	_the_CW_for
8992	_is_a_CW_CW_CW
8969	_CW_and_CW_of
8966	_the_best_CW
8954	_i_CW_that
8942	_CW_CW_with_a
8892	_a_few_CW
8876	_CW_CW_for_the_CW
8873	_the_CW_CW_CW_of
8866	_CW_but_the
8864	_like_a_CW
8848	_CW_to_a_CW
8841	_CW_to_CW_the_CW_CW
8833	_CW_that_it
8824	_CW_about_the
8824	_but_it_CW
8800	_a_CW_that
8794	_CW_if_you
8791	_to_CW_that
8787	_the_CW_CW_of_the_CW
8784	_the_CW_with
8756	_CW_the_CW_CW_and
8742	_CW_CW_as_a_CW
8740	_the_CW_i
8731	_and_it_CW
8730	_CW_CW_and_a
8723	_CW_and_the_CW_CW_CW
8713	_was_a_CW_CW
8711	_CW_CW_CW_the_CW_of
8668	_CW_but_i
8657	_the_CW_but
8628	_a_CW_CW_and_CW
8607	_to_CW_this
8602	_the_most_CW_CW
8540	_CW_CW_as_the_CW
8536	_CW_CW_at_the_CW
8529	_CW_for_the_CW_CW
8484	_was_the_CW
8480	_the_CW_CW_that
8470	_CW_to_get
8464	_CW_into_the
8461	_CW_CW_of_a
8446	_the_CW_are_CW
8421	_CW_CW_in_this
8375	_CW_CW_the_CW_and
8374	_into_the_CW
8344	_CW_in_the_CW_of
8340	_CW_to_CW_and
8332	_CW_of_his
8330	_and_his_CW
8328	_CW_CW_with_a_CW
8326	_CW_from_the_CW_CW
8323	_CW_to_CW_it
8307	_the_CW_of_a_CW
8280	_CW_is_CW_and
8265	_the_CW_that_CW
8231	_i_CW_to
8211	_the_CW_CW_is_CW
8191	_has_a_CW
8182	_that_i_CW
8149	_out_of_CW
8137	_and_CW_it
8134	_CW_CW_the_CW_of_CW
8095	_CW_and_a_CW_CW
8063	_CW_CW_CW_to_the
8044	_of_a_CW_CW_CW
8025	_is_an_CW
7998	_the_CW_CW_CW_the_CW
7988	_by_the_CW_CW
7970	_CW_CW_CW_and_the_CW
7962	_have_to_CW
7940	_CW_CW_and_a_CW
7927	_CW_CW_this_movie
7917	_CW_CW_to_the_CW_CW
7913	_movie_is_CW
7897	_that_the_CW_CW
7893	_and_CW_to_CW
7849	_CW_of_the_movie
7833	_to_CW_to
7793	_film_is_CW
7788	_CW_CW_by_the
7781	_the_CW_CW_the_CW_CW
7764	_CW_a_CW_CW_of
7728	_the_CW_CW_to_CW
7724	_in_a_CW_CW_CW
7717	_to_be_CW_CW
7704	_a_CW_movie
7686	_is_CW_CW_and
7685	_have_a_CW
7658	_CW_of_the_CW_CW_CW_CW
7658	_is_CW_the
7651	_you_can_CW
7621	_CW_CW_a_CW_of
7601	_for_a_CW_CW
7600	_CW_of_his_CW
7593	_his_CW_and
7582	_and_CW_in
7548	_CW_and_his
7538	_CW_the_CW_is_CW
7529	_in_his_CW
7523	_a_little_CW
7495	_at_the_CW_CW
7474	_CW_as_well
7424	_if_you_CW_CW
7423	_is_CW_a
7400	_CW_CW_the_film
7397	_the_CW_CW_CW_and_CW
7376	_of_this_CW
7357	_to_the_CW_CW_CW
7335	_the_other_CW
7326	_of_CW_CW_and_CW
7313	_CW_CW_to_be_CW
7310	_CW_and_his_CW
7309	_like_the_CW
7304	_CW_CW_in_a_CW_CW
7299	_it_CW_to
7297	_on_a_CW_CW
7293	_is_CW_in
7242	_to_CW_in
7235	_CW_to_have
7234	_CW_to_do
7233	_CW_CW_CW_to_the_CW
7220	_CW_is_that
7203	_it_CW_the
7201	_the_CW_and_the
7192	_CW_CW_of_CW_and
7172	_CW_into_the_CW
7168	_CW_CW_of_a_CW
7151	_is_CW_and_CW
7118	_CW_is_CW_to
7114	_a_CW_to_CW
7098	_CW_a_CW_of_CW_CW
7060	_CW_i_was
7059	_CW_the_film_CW
7039	_CW_but_the_CW
7028	_in_CW_and
6979	_CW_like_a
6971	_CW_by_the_CW_CW
6963	_CW_CW_is_the
6963	_a_CW_CW_CW_and
6952	_by_a_CW
6951	_CW_who_is
6943	_and_i_CW_CW
6941	_lot_of_CW
6937	_CW_in_this_CW
6936	_CW_and_CW_in
6915	_CW_and_CW_to_CW
6887	_CW_that_he
6881	_CW_the_story
6872	_kind_of_CW
6856	_CW_about_the_CW
6851	_in_CW_of
6840	_to_CW_with
6833	_the_CW_CW_and_CW_CW
6830	_he_is_CW
6828	_of_CW_the
6825	_CW_that_this
6816	_CW_a_lot
6796	_CW_CW_by_the_CW
6777	_CW_all_the
6764	_trying_to_CW
6761	_a_CW_CW_of_CW_CW
6755	_there_are_CW
6753	_the_story_CW
6751	_CW_CW_of_the_CW_CW_CW
6742	_CW_a_CW_and
6739	_CW_of_CW_CW_and_CW
6736	_be_CW_to
6736	_CW_that_is
6703	_CW_of_a_CW_CW_CW
6681	_that_it_CW
6678	_CW_the_CW_to
6669	_a_CW_and_CW_CW
6638	_and_CW_a
6629	_the_CW_who
6621	_over_the_CW
6615	_it_CW_not
6613	_CW_by_a
6604	_want_to_CW
6595	_to_a_CW_CW
6590	_are_CW_to
6581	_a_CW_for
6580	_CW_in_his
6566	_a_lot_of_CW
6560	_CW_have_been
6540	_the_CW_and_the_CW
6534	_in_my_CW
6519	_CW_to_CW_this
6504	_to_CW_a_CW_CW
6495	_they_are_CW
6494	_the_CW_CW_are
6490	_that_CW_the
6470	_CW_the_CW_in
6464	_a_very_CW_CW
6461	_of_the_CW_and
6460	_CW_the_CW_that
6453	_CW_CW_and_i
6452	_and_CW_CW_the
6428	_the_movie_CW_CW
6391	_CW_to_the_CW_CW_CW
6389	_CW_is_not
6378	_the_CW_CW_CW_to
6370	_the_CW_movie
6362	_that_is_CW
6342	_a_CW_film
6335	_CW_like_a_CW
6317	_is_CW_a_CW
6315	_of_CW_in
6271	_is_CW_the_CW
6254	_CW_CW_is_a_CW_CW
6251	_CW_in_a_CW_CW_CW
6235	_CW_i_have
6225	_CW_by_a_CW
6211	_the_CW_of_the_CW_CW_CW
6210	_as_the_CW_CW_CW
6207	_is_not_CW
6173	_into_a_CW
6166	_CW_CW_for_a
6163	_some_of_the_CW
6135	_CW_the_CW_CW_of_CW
6129	_this_is_a_CW
6127	_CW_the_CW_CW_the
6106	_CW_and_it_CW
6105	_and_CW_CW_to
6104	_CW_which_is
6102	_one_of_CW
6102	_with_the_CW_CW_CW
6101	_to_CW_and_CW
6087	_he_CW_to
6081	_CW_in_his_CW
6075	_the_CW_as
6074	_CW_CW_and_CW_the
6061	_i_have_CW_CW
6045	_CW_and_CW_it
6028	_CW_CW_the_CW_CW_of
6027	_CW_at_the_CW_CW
6025	_the_CW_of_CW_CW_CW_CW
6024	_the_CW_in_CW
6018	_CW_but_i_CW
5993	_with_his_CW
5977	_CW_there_is
5965	_when_the_CW
5956	_the_CW_i_CW
5951	_and_CW_the_CW_CW
5938	_CW_CW_the_CW_of_the
5931	_CW_of_this_CW
5922	_i_CW_a
5910	_and_CW_a_CW
5897	_the_CW_CW_CW_in
5896	_CW_to_CW_in
5887	_CW_CW_CW_in_a
5885	_it_CW_the_CW
5873	_CW_CW_CW_CW_in_the
5864	_it_is_CW_CW
5863	_and_CW_CW_and
5859	_CW_one_of_the
5859	_this_CW_of
5858	_CW_that_the_CW_CW
5838	_CW_to_CW_to
5832	_the_CW_CW_i
5818	_CW_but_it_CW
5806	_the_CW_in_the
5806	_CW_CW_out_of
5801	_it_CW_CW_to
5795	_CW_CW_the_movie
5793	_with_a_CW_CW_CW
5790	_CW_to_CW_that
5775	_not_a_CW
5775	_CW_and_CW_CW_the
5771	_to_the_CW_of
5753	_of_CW_the_CW
5749	_of_CW_and_CW_CW
5738	_CW_of_CW_in
5724	_i_CW_not
5723	_CW_CW_this_film
5722	_CW_it_was_CW
5718	_CW_on_a_CW_CW
5714	_the_CW_CW_a
5702	_CW_to_be_CW_CW
5697	_CW_was_a
5690	_CW_for_a_CW_CW
5688	_CW_and_CW_a
5687	_CW_this_movie_CW
5676	_CW_in_CW_and
5676	_all_the_CW_CW
5675	_from_a_CW
5675	_CW_CW_as_the_CW_CW
5654	_the_whole_CW
5644	_CW_a_CW_CW_and
5637	_i_can_CW_CW
5635	_the_CW_CW_CW_CW_and
5630	_CW_CW_is_the_CW
5620	_a_CW_who
5611	_CW_it_is_CW
5610	_a_CW_CW_the
5608	_CW_that_i_CW
5608	_CW_out_of_CW
5603	_to_be_a_CW
5596	_to_CW_CW_and
5585	_the_CW_film
5572	_as_a_CW_CW_CW
5571	_CW_is_the_CW_CW
5552	_CW_into_a
5530	_CW_CW_of_this
5518	_a_CW_CW_that
5511	_the_CW_it
5509	_CW_to_a_CW_CW
5462	_CW_and_CW_CW_and
5456	_the_CW_of_a_CW_CW
5454	_this_CW_is
5454	_a_CW_CW_for
5444	_and_CW_that
5437	_i_would_CW
5428	_and_CW_CW_the_CW
5426	_it_CW_a_CW_CW
5425	_CW_and_CW_CW_to
5424	_the_CW_CW_was
5422	_CW_of_CW_the
5421	_and_CW_and_CW
5418	_such_a_CW
5385	_of_the_CW_of
5382	_a_CW_CW_with
5375	_to_CW_his
5364	_CW_CW_a_CW_of_CW
5359	_the_CW_the_CW_CW
5348	_like_a_CW_CW
5336	_CW_the_CW_CW_the_CW
5325	_you_CW_to
5316	_CW_of_CW_and_CW_CW
5311	_was_CW_and
5302	_at_the_CW_of
5295	_the_CW_on
5283	_CW_at_all
5270	_a_CW_CW_to_CW
5258	_CW_if_you_CW
5254	_CW_CW_CW_in_the_CW_CW
5249	_CW_CW_the_CW_is
5237	_is_CW_by
5225	_in_the_CW_CW_CW_CW
5222	_of_his_CW_CW
5212	_and_CW_CW_of
5210	_in_the_CW_of_CW
5208	_the_main_CW
5207	_a_CW_CW_but
5204	_CW_of_it
5194	_i_am_CW
5184	_on_the_CW_CW_CW
5179	_CW_for_this
5175	_CW_CW_and_CW_the_CW
5171	_i_CW_a_CW
5169	_CW_from_a
5165	_CW_CW_CW_is_a
5159	_the_CW_CW_with
5157	_very_CW_and
5155	_CW_CW_CW_of_the_CW_CW
5152	_is_so_CW
5146	_CW_the_movie_CW
5124	_CW_CW_and_CW_to
5123	_CW_CW_CW_in_a_CW
5117	_CW_to_CW_a_CW_CW
5113	_the_CW_CW_a_CW
5112	_CW_CW_with_a_CW_CW
5110	_be_a_CW_CW
5096	_CW_CW_CW_to_be
5092	_to_CW_out
5091	_in_CW_to
5090	_but_the_CW_CW
5088	_CW_in_the_film
5087	_i_CW_the_CW_CW
5081	_the_CW_and_CW_CW_CW
5074	_CW_CW_CW_on_the
5072	_CW_CW_with_the_CW_CW
5068	_was_CW_to_CW
5054	_CW_with_his
5044	_the_CW_were
5037	_CW_and_then
5028	_i_CW_CW_to
5025	_CW_and_CW_a_CW
4988	_CW_and_CW_and_CW
4982	_a_CW_of_the
4979	_CW_as_the_CW_CW_CW
4978	_the_CW_CW_CW_is
4976	_CW_into_a_CW
4974	_i_CW_it_CW
4970	_the_CW_CW_for
4968	_with_the_CW_of
4963	_CW_CW_for_a_CW
4956	_a_CW_with
4956	_that_CW_the_CW
4949	_CW_CW_of_CW_and_CW
4945	_CW_i_was_CW
4943	_to_CW_his_CW
4940	_CW_CW_but_it
4936	_CW_CW_to_CW_a
4916	_CW_and_that
4916	_and_the_CW_of
4911	_CW_CW_to_see
4905	_not_CW_to
4896	_CW_the_CW_CW_and_CW
4887	_would_be_CW
4882	_the_CW_of_this
4881	_has_been_CW
4878	_CW_CW_the_CW_and_CW
4876	_i_CW_to_CW
4871	_CW_to_CW_and_CW
4867	_CW_there_are
4861	_CW_in_this_movie
4843	_CW_CW_and_the_CW_CW_CW
4835	_CW_like_the
4833	_CW_CW_CW_CW_in_the_CW
4821	_CW_and_CW_CW_the_CW
4817	_CW_CW_and_a_CW_CW
4816	_CW_and_CW_the_CW_CW
4803	_of_my_CW
4782	_the_CW_CW_in_the
4779	_CW_and_CW_CW_of
4777	_are_CW_and
4766	_is_an_CW_CW
4761	_CW_to_CW_with
4758	_CW_CW_as_a_CW_CW
4756	_this_movie_CW_CW
4755	_the_CW_CW_on
4735	_CW_to_be_a
4735	_the_two_CW
4733	_to_CW_CW_the
4732	_CW_with_the_CW_CW_CW
4730	_has_a_CW_CW
4721	_CW_in_CW_of
4718	_with_CW_CW_and
4715	_he_was_CW
4701	_at_a_CW
4693	_who_is_CW
4686	_CW_CW_in_the_CW_CW_CW
4685	_CW_was_a_CW
4685	_CW_of_the_CW_and
4683	_CW_with_his_CW
4679	_the_last_CW
4673	_and_CW_are
4673	_with_CW_and
4670	_i_CW_i
4660	_a_CW_CW_CW_of
4658	_CW_a_CW_to
4643	_of_CW_to
4640	_CW_a_CW_CW_of_CW
4622	_had_a_CW
4622	_CW_and_is
4621	_i_CW_this_movie
4605	_a_CW_CW_the_CW
4589	_CW_and_i_CW_CW
4587	_CW_CW_on_the_CW_CW
4583	_CW_to_the_CW_of
4583	_who_CW_to
4571	_CW_the_CW_CW_is
4562	_and_his_CW_CW
4554	_CW_CW_CW_on_the_CW
4546	_of_the_CW_CW_CW_CW_CW
4546	_the_CW_CW_as
4543	_CW_CW_and_it
4524	_there_is_CW
4516	_CW_the_CW_of_the_CW_CW
4504	_CW_from_a_CW
4501	_i_was_CW_CW
4478	_it_was_CW_CW
4474	_CW_and_CW_that
4469	_CW_CW_to_a
4453	_CW_it_CW_a
4443	_and_CW_of_CW
4437	_CW_CW_CW_and_the_CW_CW
4430	_is_very_CW
4429	_through_the_CW
4423	_CW_CW_that_the
4418	_a_CW_but
4413	_CW_that_they
4411	_on_the_CW_of
4407	_the_CW_CW_but
4382	_CW_CW_this_is
4376	_of_her_CW
4349	_CW_he_is
4337	_in_CW_the
4330	_a_few_CW_CW
4320	_the_CW_CW_in_CW
4307	_CW_the_CW_CW_to
4301	_is_CW_CW_and_CW
4282	_CW_this_one
4268	_the_CW_or
4253	_just_a_CW
4247	_CW_CW_and_i_CW
4217	_CW_is_CW_and_CW
4212	_CW_the_CW_the
4210	_CW_is_a_CW_CW_CW
4205	_about_a_CW
4202	_CW_of_CW_the_CW
4197	_as_an_CW
4196	_CW_in_the_movie
4191	_CW_through_the
4189	_CW_the_CW_was
4182	_CW_is_CW_CW_and
4163	_CW_and_he
4153	_CW_CW_of_a_CW_CW
4151	_and_CW_CW_in
4136	_would_have_CW
4131	_is_CW_as
4119	_CW_CW_on_a
4115	_one_of_CW_CW
4098	_CW_and_CW_are
4080	_CW_the_first
4073	_the_CW_of_the_film
4068	_CW_i_CW_it
4065	_CW_CW_CW_from_the
4059	_CW_to_CW_his
4059	_CW_who_is_CW
4053	_a_CW_CW_and_CW_CW
4052	_CW_with_a_CW_CW_CW
4046	_the_CW_thing
4041	_a_CW_CW_who
4022	_but_i_CW_CW
4002	_the_film_CW_CW_CW
3988	_to_his_CW
3980	_they_CW_to
3965	_the_CW_CW_of_CW_CW_CW
3965	_CW_all_the_CW
3961	_CW_to_CW_CW_and
3959	_CW_i_CW_the
3937	_CW_and_CW_of_CW
3936	_CW_CW_CW_to_CW_the
3933	_the_original_CW
3931	_CW_the_CW_CW_in
3894	_CW_about_this
3885	_CW_the_CW_of_CW_CW_CW
3882	_the_CW_who_CW
3878	_to_see_CW
3865	_CW_to_find
3865	_i_CW_seen
3859	_when_i_CW
3859	_of_CW_that
3853	_his_CW_and_CW
3853	_and_the_CW_CW_CW_CW
3850	_the_CW_time
3849	_in_the_CW_and
3828	_of_their_CW
3816	_the_CW_CW_it
3815	_in_CW_with
3812	_for_the_CW_CW_CW
3808	_a_CW_CW_CW_the
3803	_CW_it_to
3803	_CW_as_CW_as
3790	_the_CW_in_the_CW
3782	_CW_CW_from_the_CW_CW
3770	_CW_CW_it_is
3769	_i_CW_CW_it
3762	_of_CW_CW_CW_and
3748	_see_the_CW
3743	_CW_CW_CW_is_a_CW
3739	_CW_of_CW_to
3733	_CW_to_be_a_CW
3726	_CW_the_same
3721	_the_CW_CW_of_the_CW_CW
3721	_CW_CW_in_the_CW_of
3712	_the_CW_he
3697	_CW_as_it
3696	_was_CW_in
3686	_CW_in_this_film
3686	_to_CW_her
3665	_which_is_CW
3658	_CW_at_a
3654	_going_to_CW
3652	_by_a_CW_CW
3639	_CW_a_good
3628	_more_CW_than
3625	_CW_CW_the_CW_of_CW_CW
3619	_CW_and_the_CW_of
3613	_i_CW_CW_the
3594	_about_the_CW_CW
3575	_CW_one_of_the_CW
3568	_CW_CW_on_a_CW
3567	_CW_a_little
3555	_CW_CW_into_the
3554	_be_the_CW
3553	_CW_CW_the_CW_CW_and
3546	_CW_CW_who_is
3528	_in_an_CW
3518	_is_no_CW
3516	_CW_was_the
3509	_CW_the_CW_CW_of_the
3506	_CW_like_the_CW
3496	_CW_CW_and_his
3495	_CW_CW_and_CW_and
3484	_CW_the_CW_and_CW_CW
3473	_but_it_CW_CW
3462	_CW_trying_to
3452	_a_CW_of_the_CW
3449	_that_he_CW
3427	_to_CW_up
3421	_CW_CW_to_make
3406	_CW_CW_CW_with_the
3399	_it_is_a_CW
3397	_CW_CW_the_CW_of_the_CW
3381	_CW_but_this
3370	_the_CW_CW_are_CW
3369	_to_get_CW
3355	_CW_who_CW_to
3351	_CW_CW_to_CW_a_CW
3341	_be_CW_to_CW
3317	_CW_CW_to_a_CW
3311	_CW_is_CW_to_CW
3310	_to_CW_the_CW_CW_CW
3308	_CW_CW_CW_CW_of_the
3304	_he_CW_the
3286	_CW_and_his_CW_CW
3271	_of_an_CW
3255	_CW_the_CW_to_CW
3253	_and_CW_is
3234	_to_CW_CW_the_CW
3188	_of_CW_is
3181	_CW_the_CW_CW_CW_and
3168	_they_were_CW
3168	_that_i_CW_CW
3168	_than_the_CW
3155	_CW_CW_and_his_CW
3151	_CW_is_CW_the
3150	_an_CW_CW_of
3133	_CW_it_a
3123	_CW_to_CW_his_CW
3117	_a_CW_on
3114	_a_big_CW
3096	_a_CW_that_CW
3090	_to_CW_on
3089	_CW_to_this
3086	_to_CW_to_CW
3069	_CW_and_CW_CW_in
3066	_in_their_CW
3050	_the_worst_CW
3041	_it_CW_like
3036	_is_the_CW_of
3022	_CW_up_with
2993	_CW_as_a_CW_CW_CW
2987	_who_CW_the
2954	_CW_CW_but_the
2952	_CW_that_it_CW
2939	_CW_CW_CW_for_the
2935	_CW_CW_CW_CW_and_the
2932	_from_the_CW_CW_CW
2931	_CW_of_CW_that
2917	_CW_i_can
2916	_CW_to_his
2912	_the_CW_CW_CW_of_CW
2908	_of_CW_CW_the
2907	_CW_such_as
2904	_he_CW_a
2901	_and_a_CW_CW_CW
2901	_CW_some_of
2877	_CW_CW_CW_as_a
2866	_CW_CW_CW_as_the
2857	_CW_with_CW_and
2853	_CW_a_few
2837	_the_CW_CW_CW_the_CW_CW
2833	_are_a_CW
2829	_the_film_is_CW
2829	_can_be_CW
2828	_CW_this_film_CW
2816	_CW_to_say
2800	_the_first_CW_CW
2779	_CW_on_the_CW_CW_CW
2733	_CW_CW_CW_from_the_CW
2732	_when_the_CW_CW
2730	_a_CW_of_CW_CW_CW_CW
2709	_CW_in_the_CW_CW_CW_CW
2697	_one_of_the_CW_CW_CW
2692	_in_CW_and_CW
2689	_CW_a_CW_and_CW
2681	_are_CW_to_CW
2675	_this_movie_is_CW
2675	_hard_to_CW
2643	_CW_of_all
2635	_was_the_CW_CW
2635	_the_CW_of_the_movie
2633	_CW_of_her
2628	_sort_of_CW
2623	_CW_CW_of_CW_CW_and
2611	_the_CW_CW_CW_CW_the
2609	_able_to_CW
2605	_CW_has_a
2596	_the_CW_of_CW_and
2593	_the_CW_from
2593	_CW_that_CW_the
2574	_CW_through_the_CW
2563	_CW_CW_but_i
2553	_a_CW_CW_CW_to
2552	_i_CW_CW_this
2545	_CW_to_his_CW
2509	_CW_the_CW_the_CW
2491	_CW_CW_CW_with_the_CW
2481	_CW_than_the
2462	_CW_CW_it_was
2456	_CW_to_CW_out
2440	_and_he_CW
2439	_CW_up_to
2428	_CW_is_CW_in
2421	_CW_CW_for_the_CW_CW
2415	_CW_in_my
2387	_CW_CW_CW_to_CW_the_CW
2371	_have_a_CW_CW
2369	_CW_over_the
2360	_CW_i_have_CW
2356	_movie_was_CW
2352	_CW_in_the_CW_of_CW
2351	_CW_CW_to_CW_the_CW_CW
2348	_not_the_CW
2346	_of_the_most_CW
2344	_the_CW_scene
2342	_of_CW_CW_and_CW_CW
2333	_CW_by_a_CW_CW
2302	_CW_at_the_CW_of
2298	_CW_more_than
2294	_is_the_CW_CW_CW
2294	_CW_and_you
2293	_the_CW_at
2282	_CW_is_an
2276	_CW_that_is_CW
2271	_CW_CW_CW_with_a
2263	_to_CW_for
2258	_is_CW_CW_to
2253	_CW_CW_about_the
2242	_CW_CW_that_the_CW
2237	_CW_the_whole
2236	_CW_of_CW_CW_CW_and
2227	_CW_with_CW_CW_and
2205	_where_the_CW
2180	_is_CW_of
2166	_CW_CW_CW_and_a
2164	_and_it_CW_CW
2156	_the_CW_character
2155	_this_CW_of_CW
2149	_CW_at_a_CW
2136	_this_film_CW_CW
2135	_for_CW_and
2133	_he_CW_a_CW
2124	_CW_CW_CW_at_the
2121	_CW_in_CW_to
2117	_does_not_CW
2110	_by_the_CW_CW_CW
2106	_a_CW_CW_CW_in
2105	_that_CW_to
2097	_her_CW_and
2094	_CW_with_this
2093	_CW_CW_CW_as_a_CW
2085	_the_CW_scenes
2081	_in_CW_CW_and
2080	_CW_of_CW_is
2071	_CW_in_my_CW
2070	_a_bit_CW
2041	_CW_it_CW_a_CW
2035	_CW_have_been_CW
2032	_in_CW_the_CW
2031	_CW_to_CW_CW_the
2015	_when_he_CW
2006	_CW_CW_CW_the_CW_of_CW
2003	_the_CW_CW_that_CW
2002	_she_is_CW
2002	_CW_like_a_CW_CW
1988	_to_CW_the_CW_of
1970	_CW_about_it
1961	_CW_a_bit
1949	_CW_is_an_CW
1945	_CW_over_the_CW
1941	_he_CW_the_CW
1931	_CW_CW_CW_the_CW_and
1924	_of_CW_CW_in
1919	_CW_and_the_CW_CW_CW_CW
1910	_i_just_CW
1853	_CW_CW_and_CW_of
1832	_CW_i_CW_this
1832	_during_the_CW
1821	_he_CW_to_CW
1819	_i_CW_CW_that
1807	_the_plot_CW
1784	_the_CW_CW_who
1779	_a_CW_CW_CW_the_CW
1773	_and_then_CW
1766	_and_that_CW
1756	_and_CW_as
1750	_the_CW_CW_i_CW
1745	_it_a_CW
1735	_as_CW_and
1730	_CW_and_they
1725	_CW_and_not
1725	_the_CW_a
1720	_a_CW_CW_on
1719	_CW_a_lot_of
1718	_CW_in_it
1713	_the_CW_CW_CW_to_CW
1707	_CW_of_CW_CW_and_CW_CW
1692	_CW_CW_into_the_CW
1690	_CW_a_CW_in
1680	_CW_CW_CW_CW_the_CW_of
1673	_who_CW_the_CW
1671	_CW_CW_CW_as_the_CW
1671	_and_CW_with
1663	_to_CW_CW_and_CW
1656	_from_a_CW_CW
1641	_the_CW_which
1637	_CW_the_best
1617	_do_not_CW
1612	_CW_to_CW_her
1612	_played_by_CW
1602	_CW_they_are
1593	_an_CW_of
1592	_and_is_CW
1582	_CW_i_think
1574	_CW_would_have
1572	_is_CW_with
1572	_CW_the_plot
1562	_CW_the_CW_for
1548	_the_CW_where
1547	_CW_of_CW_CW_the
1531	_for_the_CW_of
1528	_are_the_CW
1524	_the_CW_that_CW_CW
1522	_CW_when_the
1514	_a_CW_CW_in_CW
1508	_will_be_CW
1502	_CW_and_CW_is
1497	_some_CW_of
1497	_in_this_CW_CW
1486	_like_the_CW_CW
1471	_CW_CW_as_well
1469	_into_a_CW_CW
1461	_CW_who_has
1435	_the_director_CW
1413	_and_her_CW
1411	_CW_a_movie
1409	_CW_to_go
1406	_that_CW_is
1406	_CW_CW_CW_with_a_CW
1400	_not_to_CW
1399	_the_CW_has
1398	_CW_with_the_CW_of
1397	_CW_the_CW_with
1383	_CW_who_CW_the
1363	_CW_and_a_CW_CW_CW
1355	_after_the_CW
1351	_of_a_CW_CW_CW_CW
1351	_and_CW_CW_and_CW
1348	_the_CW_CW_and_the
1342	_a_young_CW
1339	_should_be_CW
1338	_CW_CW_CW_CW_of_the_CW
1310	_the_only_CW_CW
1290	_CW_in_the_CW_and
1274	_CW_CW_if_you
1270	_there_are_CW_CW
1269	_and_CW_CW_to_CW
1262	_CW_CW_one_of
1255	_piece_of_CW
1254	_CW_of_an
1238	_to_CW_it_CW
1238	_with_an_CW
1231	_the_CW_CW_CW_CW_the_CW
1230	_CW_CW_by_the_CW_CW
1229	_the_CW_for_CW
1226	_CW_was_the_CW
1217	_at_least_CW
1201	_CW_out_the
1200	_CW_CW_CW_CW_and_the_CW
1192	_CW_has_a_CW
1189	_CW_CW_CW_and_a_CW
1182	_as_i_CW
1177	_CW_CW_CW_at_the_CW
1177	_CW_of_the_CW_of
1175	_CW_CW_to_get
1173	_CW_is_CW_the_CW
1171	_CW_the_only
1143	_the_CW_CW_CW_CW_and_CW
1131	_CW_a_CW_CW_in
1130	_CW_with_her
1130	_you_are_CW
1128	_CW_like_this
1127	_i_really_CW
1124	_is_CW_on
1123	_the_CW_CW_in_the_CW
1115	_CW_and_CW_as
1112	_to_CW_him
1102	_CW_CW_to_CW_and
1094	_is_a_CW_of
1093	_it_CW_to_CW
1092	_a_real_CW
1085	_the_CW_story
1080	_CW_at_the_end
1080	_CW_that_you
1079	_there_is_a_CW
1070	_CW_as_well_as
1053	_CW_of_her_CW
1050	_CW_of_his_CW_CW
1047	_CW_is_one
1033	_CW_i_would
1029	_CW_that_was
1026	_a_CW_CW_CW_and_CW
1024	_i_CW_not_CW
1024	_CW_he_was
1018	_with_his_CW_CW
1015	_CW_from_the_CW_CW_CW
1015	_and_CW_for
1003	_CW_in_their
997	_CW_to_take
982	_CW_of_an_CW
971	_CW_and_CW_with
967	_to_CW_CW_to
955	_CW_in_which
950	_the_CW_between
931	_the_CW_CW_CW_and_CW_CW
913	_a_CW_CW_a
913	_CW_would_be
911	_have_the_CW
910	_a_CW_CW_movie
903	_CW_CW_CW_for_the_CW
903	_CW_i_CW_the_CW
900	_if_the_CW
899	_CW_back_to
892	_CW_CW_and_CW_in
876	_a_CW_or
873	_CW_of_CW_CW_in
868	_with_CW_and_CW
867	_to_have_CW
866	_his_CW_CW_and
860	_CW_CW_is_CW_to
857	_CW_on_the_CW_of
857	_of_CW_CW_the_CW
857	_and_the_CW_is
854	_CW_a_CW_CW_to
850	_so_i_CW
845	_the_CW_to_CW_CW
844	_this_is_CW_CW
841	_the_real_CW
833	_a_CW_who_CW
829	_what_the_CW
825	_CW_and_this
814	_CW_is_so
812	_CW_of_this_movie
808	_CW_played_by
807	_CW_on_this
805	_his_CW_to
805	_very_CW_and_CW
805	_is_a_CW_CW_CW_CW
798	_it_CW_CW_to_CW
798	_a_CW_CW_film
794	_not_CW_the
791	_CW_during_the
782	_CW_to_CW_up
766	_CW_in_CW_with
762	_CW_CW_but_the_CW
761	_for_his_CW
758	_CW_you_can
758	_as_it_CW
758	_CW_to_get_CW
755	_CW_but_the_CW_CW
755	_CW_that_he_CW
751	_that_the_CW_CW_CW
751	_CW_of_this_film
751	_CW_for_the_CW_CW_CW
750	_CW_to_me
750	_on_CW_and
749	_CW_CW_CW_a_CW_of
748	_CW_CW_in_his
747	_CW_and_there
745	_the_CW_by
741	_into_the_CW_CW
739	_CW_to_CW_the_CW_CW_CW
737	_a_CW_story
735	_with_CW_CW_and_CW
735	_couple_of_CW
731	_the_CW_it_CW
725	_i_CW_CW_to_CW
690	_CW_of_the_CW_CW_CW_CW_CW
689	_CW_CW_in_this_CW
689	_in_CW_to_CW
688	_CW_and_CW_CW_and_CW
683	_CW_the_most
682	_CW_CW_to_the_CW_CW_CW
679	_CW_where_the
673	_CW_in_CW_and_CW
665	_even_the_CW
665	_CW_CW_and_CW_to_CW
657	_if_you_CW_CW_CW
655	_CW_the_end
650	_to_make_CW
650	_CW_CW_CW_CW_to_the
642	_CW_of_them
642	_had_to_CW
641	_CW_up_in
639	_CW_CW_of_the_film
638	_out_the_CW
637	_from_CW_to
635	_of_the_CW_and_CW
634	_CW_are_CW_and
634	_i_had_CW
630	_more_than_CW
629	_and_CW_but
628	_was_CW_by
612	_CW_to_CW_on
603	_CW_out_to
599	_CW_and_CW_CW_to_CW
598	_at_a_CW_CW
597	_make_a_CW
596	_of_CW_a
594	_the_CW_are_CW_CW
593	_just_CW_to
593	_CW_of_their
592	_get_a_CW
588	_this_is_a_CW_CW
586	_i_CW_CW_know
584	_CW_this_is_a
584	_CW_CW_that_i
581	_CW_the_CW_CW_of_CW_CW
580	_i_CW_CW_the_CW
579	_CW_not_a
579	_CW_which_is_CW
577	_CW_in_their_CW
566	_CW_when_the_CW
566	_so_CW_and
559	_CW_a_good_CW
550	_CW_trying_to_CW
545	_CW_is_CW_a
544	_CW_is_CW_as
539	_his_CW_is
538	_CW_in_an
537	_CW_the_CW_are
535	_in_his_CW_CW
533	_CW_in_an_CW
530	_and_CW_CW_as
529	_the_CW_they
529	_CW_CW_the_CW_is_CW
528	_of_the_CW_CW_of
526	_CW_to_CW_CW_the_CW
523	_the_very_CW
522	_their_CW_and
519	_some_of_the_CW_CW
515	_CW_CW_CW_to_the_CW_CW
495	_the_CW_man
490	_in_her_CW
486	_the_CW_CW_CW_a
485	_CW_to_see_CW
484	_played_by_CW_CW
482	_have_CW_seen
480	_of_CW_CW_to
480	_the_final_CW
479	_CW_that_CW_the_CW
478	_CW_of_their_CW
477	_CW_between_the
477	_i_CW_CW_seen
477	_CW_by_the_CW_CW_CW
476	_CW_is_just
475	_the_CW_a_CW
475	_and_CW_a_CW_CW
473	_CW_at_least
473	_did_not_CW
473	_CW_i_can_CW
472	_CW_because_it
472	_this_CW_and
471	_between_CW_and
470	_a_CW_CW_a_CW
469	_CW_when_he
466	_the_CW_CW_by
464	_what_i_CW
464	_a_CW_in_CW
462	_his_CW_in
444	_CW_CW_CW_the_film
435	_CW_to_CW_to_CW
435	_CW_in_CW_CW_and
433	_CW_a_great
428	_that_they_CW
427	_CW_CW_which_is
425	_CW_who_CW_the_CW
425	_the_CW_CW_is_CW_CW
422	_there_CW_a
421	_CW_a_few_CW
420	_CW_and_is_CW
419	_CW_and_in
418	_an_CW_and
418	_or_the_CW
417	_and_CW_are_CW
417	_the_CW_CW_and_the_CW
415	_CW_CW_i_have
413	_CW_out_the_CW
410	_and_CW_i
388	_CW_CW_in_a_CW_CW_CW
385	_CW_CW_CW_in_a_CW_CW
382	_so_many_CW
380	_was_CW_the
378	_of_the_CW_is
377	_CW_is_very
376	_off_the_CW
375	_CW_as_he
375	_the_same_CW_CW
375	_CW_CW_by_a
374	_film_is_CW_CW
373	_CW_CW_CW_by_the
373	_what_a_CW
372	_between_the_CW
372	_of_CW_but
372	_CW_CW_and_CW_CW_and
370	_enough_to_CW
370	_get_the_CW
370	_it_was_a_CW
369	_CW_CW_is_CW_and
367	_CW_for_CW_and
367	_have_ever_CW
366	_CW_and_her
366	_CW_of_CW_CW_the_CW
365	_with_her_CW
365	_CW_to_CW_the_CW_of
363	_CW_than_the_CW
363	_the_best_CW_CW
360	_the_CW_were_CW
359	_CW_most_of
353	_CW_and_then_CW
330	_the_CW_with_CW
330	_a_CW_CW_as
329	_one_of_the_most_CW
325	_that_was_CW
323	_a_CW_more
322	_CW_the_first_CW
321	_CW_that_she
321	_CW_for_his
319	_this_one_CW
318	_CW_as_an
318	_CW_seems_to
316	_CW_is_CW_by
316	_the_movie_is_CW
316	_CW_enough_to
315	_out_of_the_CW
313	_CW_and_he_CW
312	_CW_up_the
311	_the_CW_is_a
308	_are_CW_CW_and
305	_is_CW_a_CW_CW
278	_and_they_CW
278	_most_of_the_CW
274	_CW_when_i
274	_CW_to_CW_him
270	_could_have_CW
269	_CW_CW_and_CW_CW_the
269	_CW_and_even
268	_you_can_CW_CW
264	_CW_as_an_CW
264	_is_CW_but
264	_on_a_CW_CW_CW
262	_such_a_CW_CW
262	_so_CW_that
262	_and_CW_it_CW
262	_in_a_CW_CW_CW_CW
262	_the_CW_CW_the_CW_CW_CW
262	_a_CW_CW_of_the
262	_a_CW_of_CW_and
261	_of_those_CW
261	_CW_CW_in_his_CW
261	_a_CW_CW_CW_CW_and
261	_CW_CW_to_watch
261	_try_to_CW
259	_his_own_CW
258	_this_is_the_CW
257	_to_CW_this_CW
257	_CW_for_his_CW
256	_from_CW_to_CW
255	_CW_the_same_CW
254	_was_so_CW
229	_CW_CW_is_the_CW_CW
222	_CW_this_is_CW
219	_the_CW_CW_from
216	_of_CW_CW_CW_and_CW
214	_CW_CW_about_the_CW
214	_of_this_CW_CW
214	_CW_the_film_CW_CW
213	_CW_of_time
213	_CW_want_to
212	_of_the_CW_CW_and
212	_you_CW_the
212	_the_CW_CW_CW_that
211	_full_of_CW
211	_on_his_CW
211	_CW_CW_the_CW_CW_the
210	_CW_CW_who_is_CW
210	_about_a_CW_CW
210	_sense_of_CW
210	_CW_and_CW_but
209	_up_the_CW
209	_as_the_CW_CW_CW_CW
208	_CW_the_most_CW
208	_CW_because_of
208	_the_CW_CW_CW_a_CW
208	_CW_going_to
207	_CW_and_her_CW
207	_with_a_CW_of
207	_movie_i_CW
207	_a_bad_CW
206	_CW_was_a_CW_CW
206	_CW_a_very
206	_CW_CW_of_the_CW_CW_CW_CW
205	_who_CW_to_CW
205	_CW_about_the_CW_CW
204	_the_CW_and_CW_of
204	_CW_CW_and_CW_a
204	_CW_CW_that_is
204	_CW_all_of
204	_CW_from_a_CW_CW
203	_the_CW_of_his
203	_a_CW_CW_of_CW_CW_CW
203	_the_CW_characters
202	_and_you_CW
200	_and_CW_CW_CW_the
171	_tries_to_CW
168	_CW_CW_as_the_CW_CW_CW
165	_CW_of_CW_a
165	_CW_CW_CW_CW_to_the_CW
163	_CW_the_CW_of_a
163	_you_CW_to_CW
162	_CW_and_CW_for
162	_of_CW_a_CW
161	_the_bad_CW
161	_CW_between_CW_and
161	_this_film_is_CW
161	_CW_CW_to_have
160	_it_CW_just
160	_CW_i_am
160	_CW_of_a_CW_CW_CW_CW
160	_at_the_CW_CW_CW
160	_is_just_CW
160	_of_CW_of
160	_CW_one_of_the_CW_CW
160	_being_a_CW
160	_CW_with_CW_and_CW
159	_is_CW_the_CW_CW
159	_CW_or_the
159	_CW_and_CW_CW_as
159	_CW_in_her
158	_CW_CW_by_a_CW
158	_to_the_CW_CW_CW_CW
158	_CW_for_me
158	_CW_is_so_CW
158	_when_it_CW
157	_CW_the_CW_CW_of_the_CW
157	_was_CW_a
157	_they_CW_the
157	_is_that_CW
156	_CW_CW_to_CW_it
156	_the_CW_is_CW_and
156	_CW_a_CW_of_CW_CW_CW
156	_one_of_CW_CW_CW
156	_to_be_a_CW_CW
156	_CW_it_would
156	_the_CW_when
155	_CW_into_a_CW_CW
155	_the_most_CW_CW_CW
155	_a_couple_of_CW
155	_because_it_CW
155	_my_CW_and
154	_the_CW_was_CW_CW
154	_CW_is_CW_a_CW
153	_CW_a_CW_CW_and_CW
153	_there_CW_a_CW
153	_i_have_CW_seen
153	_CW_CW_the_film_CW
153	_is_one_of_the_CW
153	_the_CW_CW_a_CW_CW
153	_CW_between_the_CW
152	_that_it_CW_CW
152	_is_CW_for
152	_the_CW_one
151	_CW_CW_CW_this_movie
151	_CW_this_was
150	_CW_with_his_CW_CW
114	_CW_is_one_of
111	_the_CW_CW_CW_CW_to
109	_a_CW_the
109	_you_will_CW
109	_acting_is_CW
109	_CW_she_is
108	_a_movie_CW
108	_was_CW_the_CW
107	_CW_in_love
107	_CW_and_some
107	_CW_CW_a_CW_and
107	_CW_but_that
107	_a_new_CW
106	_CW_played_by_CW
106	_have_CW_the
106	_film_that_CW
106	_CW_CW_CW_in_this
106	_CW_and_CW_are_CW
106	_of_CW_the_CW_CW
106	_CW_the_CW_of_a_CW
105	_CW_CW_the_CW_to
105	_we_are_CW
105	_CW_CW_the_CW_in
105	_and_CW_CW_are
105	_CW_has_been
105	_out_of_CW_CW
104	_fan_of_CW
104	_CW_the_CW_CW_CW_the
104	_CW_and_CW_CW_are
104	_CW_CW_like_a
104	_CW_CW_in_CW_and
104	_CW_a_little_CW
104	_CW_a_CW_that
104	_CW_as_if
104	_CW_CW_is_not
103	_i_have_ever_CW
103	_CW_of_CW_of
103	_CW_in_CW_the
103	_CW_of_CW_CW_to
103	_CW_a_film
103	_movie_is_CW_CW
103	_CW_in_her_CW
103	_CW_was_CW_to
103	_than_a_CW
103	_CW_the_acting
102	_are_CW_in
102	_the_CW_CW_was_CW
102	_of_an_CW_CW
102	_CW_CW_have_been
102	_CW_it_CW_the
102	_CW_CW_CW_is_a_CW_CW
102	_CW_for_her
102	_CW_that_are
102	_CW_CW_but_it_CW
102	_CW_when_it
102	_lack_of_CW
101	_CW_but_not
101	_is_CW_CW_the
101	_CW_of_what
101	_an_CW_CW_and
101	_for_a_CW_CW_CW
101	_the_characters_CW
101	_of_these_CW
101	_CW_the_CW_is_CW_CW
100	_a_CW_CW_i
100	_in_an_CW_CW
100	_there_is_no_CW
100	_not_CW_to_CW
100	_CW_during_the_CW
100	_in_the_CW_of_the
100	_CW_CW_the_CW_CW_the_CW
100	_CW_CW_CW_is_the
100	_as_he_CW
100	_a_good_CW_CW
100	_the_CW_he_CW
98	_CW_like_it
80	_i_CW_CW_like
79	_it_i_CW
78	_CW_CW_like_it
68	_of_the_film_CW
67	_it_i_CW_CW
64	_i_CW_CW_like_it
63	_CW_to_CW_for
62	_it_i_CW_CW_like
62	_like_it_i_CW
61	_i_CW_CW_like_it_i_CW
61	_i_CW_CW_like_it_i_CW_CW_like
61	_CW_CW_like_it_i_CW_CW_like
61	_CW_CW_like_it_i_CW_CW
61	_like_it_i_CW_CW
61	_CW_like_it_i_CW
61	_i_CW_CW_like_it_i_CW_CW_like_it
61	_CW_CW_like_it_i_CW
61	_CW_like_it_i_CW_CW_like_it
61	_like_it_i_CW_CW_like
61	_CW_like_it_i_CW_CW_like
61	_CW_like_it_i_CW_CW
61	_CW_CW_like_it_i
61	_CW_like_it_i
61	_CW_CW_like_it_i_CW_CW_like_it
61	_it_i_CW_CW_like_it
61	_like_it_i_CW_CW_like_it
61	_i_CW_CW_like_it_i_CW_CW
61	_i_CW_CW_like_it_i
60	_CW_CW_like_it_i_CW_CW_like_it_i_CW
60	_it_i_CW_CW_like_it_i_CW_CW
60	_CW_like_it_i_CW_CW_like_it_i_CW_CW
60	_CW_like_it_i_CW_CW_like_it_i_CW
60	_CW_like_it_i_CW_CW_like_it_i
60	_CW_CW_like_it_i_CW_CW_like_it_i
60	_like_it_i_CW_CW_like_it_i
60	_like_it_i_CW_CW_like_it_i_CW_CW
60	_CW_CW_like_it_i_CW_CW_like_it_i_CW_CW
60	_it_i_CW_CW_like_it_i_CW_CW_like_it
60	_like_it_i_CW_CW_like_it_i_CW
60	_CW_of_the_film_CW
60	_that_a_CW
60	_it_i_CW_CW_like_it_i_CW
60	_it_i_CW_CW_like_it_i
60	_like_it_i_CW_CW_like_it_i_CW_CW_like
60	_CW_like_it_i_CW_CW_like_it_i_CW_CW_like
60	_i_CW_CW_like_it_i_CW_CW_like_it_i
60	_CW_CW_like_it_i_CW_CW_like_it_i_CW_CW_like
60	_it_i_CW_CW_like_it_i_CW_CW_like
58	_CW_a_CW_CW_of_CW_CW
58	_CW_CW_is_that
58	_CW_CW_that_he
58	_was_a_CW_CW_CW
57	_made_me_CW
57	_CW_to_have_CW
57	_in_the_CW_of_CW_CW
57	_a_CW_is
57	_and_i_CW_CW_CW
57	_CW_CW_CW_by_the_CW
57	_CW_of_CW_CW_CW_and_CW
56	_CW_CW_CW_to_be_CW
56	_film_was_CW
55	_a_CW_for_CW
55	_CW_to_CW_CW_and_CW
55	_CW_version_of
55	_CW_CW_at_the_CW_CW
54	_i_CW_that_CW
54	_the_old_CW
54	_CW_of_CW_a_CW
54	_of_the_most_CW_CW
54	_a_CW_CW_in_the
54	_CW_to_give
54	_CW_on_CW_and
53	_CW_not_to
53	_been_a_CW
53	_a_CW_CW_who_CW
53	_to_the_CW_of_CW
53	_of_its_CW
53	_CW_and_it_CW_CW
53	_is_CW_CW_in
53	_CW_are_the
53	_CW_CW_all_the
52	_CW_on_his
52	_the_big_CW
52	_it_CW_CW_and
52	_CW_CW_a_CW_CW_and
52	_CW_of_that
52	_had_the_CW
52	_some_CW_of_CW
52	_is_also_CW
52	_the_movie_CW_CW_CW
52	_CW_CW_there_is
52	_the_CW_CW_and_CW_CW_CW
52	_CW_i_CW_that
52	_i_CW_you
52	_CW_and_they_CW
52	_CW_CW_into_a
52	_as_CW_and_CW
52	_the_CW_CW_he
52	_CW_CW_and_CW_it
51	_as_CW_as_CW
51	_to_a_CW_CW_CW
51	_CW_and_the_CW_is
51	_CW_CW_CW_the_CW_CW_of
51	_as_a_CW_of
51	_is_CW_CW_by
51	_CW_CW_for_a_CW_CW
51	_are_CW_and_CW
51	_to_CW_her_CW
51	_to_CW_their
51	_CW_of_people
51	_the_CW_part
51	_CW_in_a_CW_CW_CW_CW
51	_and_CW_this
51	_CW_of_CW_but
51	_CW_CW_CW_and_CW_to
51	_CW_but_he
51	_this_CW_is_CW
51	_a_CW_in_the
51	_CW_i_CW_to
51	_CW_at_a_CW_CW
51	_CW_part_of
51	_CW_it_and
51	_CW_CW_but_i_CW
51	_CW_in_his_CW_CW
51	_CW_this_movie_is
51	_CW_CW_a_CW_of_CW_CW
51	_of_my_CW_CW
50	_an_CW_to
50	_as_a_CW_CW_CW_CW
50	_by_CW_CW_and
50	_CW_for_it
50	_the_CW_of_his_CW
50	_CW_CW_from_a
50	_CW_of_this_CW_CW
50	_with_CW_of
50	_and_CW_in_CW
50	_CW_CW_of_the_movie
50	_be_CW_in
50	_CW_and_CW_CW_CW_the
50	_that_CW_a
50	_CW_you_can_CW
50	_CW_his_CW_and
50	_at_the_CW_of_the
50	_CW_the_characters
50	_this_was_CW
50	_be_CW_and
50	_CW_has_been_CW
50	_the_CW_is_a_CW
50	_CW_the_CW_CW_the_CW_CW
50	_lot_of_CW_CW
50	_was_CW_a_CW
50	_the_great_CW
50	_the_CW_this
50	_CW_CW_and_CW_CW_the_CW
50	_i_CW_this_CW
50	_CW_CW_on_a_CW_CW
50	_i_CW_this_film
50	_the_CW_you
50	_to_CW_them
50	_CW_CW_CW_a_CW_of_CW
50	_both_CW_and
50	_to_CW_about
50	_CW_played_by_CW_CW
50	_the_next_CW
50	_CW_into_the_CW_CW
50	_CW_the_CW_and_the
50	_CW_the_CW_CW_to_CW
50	_CW_to_it
50	_CW_CW_and_CW_a_CW
50	_CW_CW_is_a_CW_CW_CW
50	_has_CW_to
50	_CW_CW_a_CW_CW_of
50	_CW_the_way
50	_they_CW_to_CW
50	_i_CW_i_CW
50	_CW_and_CW_a_CW_CW
50	_CW_that_i_CW_CW
50	_in_CW_of_CW
50	_CW_to_her
50	_of_CW_to_CW
50	_CW_CW_of_his
50	_CW_with_her_CW
50	_has_the_CW
50	_the_CW_of_CW_and_CW
50	_CW_is_in
50	_it_to_CW
50	_CW_the_CW_CW_CW_and_CW
50	_CW_CW_CW_of_a
50	_CW_off_the
50	_the_CW_CW_at
